{
    "section1": {
        "files": [
            {
                "url": "assets/Live Plus.png",
                "type": "image",
                "key": "Live Plus"
            },
            {
                "url": "assets/Logo.png",
                "type": "image",
                "key": "Logo"
            },
            {
                "url": "assets/LogoActive.png",
                "type": "image",
                "key": "LogoActive"
            }
        ]
    },
    "meta": {
        "app": "Phaser Editor 2D - Asset Pack Editor",
        "contentType": "phasereditor2d.pack.core.AssetContentType",
        "url": "https://phasereditor2d.com",
        "version": 2,
        "showAllFilesInBlocks": false
    }
}